id,first_name,last_name,gender,country,city,address
1,Sam,Clymo,Male,United Kingdom,Ashley,PO Box 10999
2,Hunt,Dempster,Male,United Kingdom,Ford,PO Box 46499
3,Hephzibah,Rosendorf,Female,United Kingdom,Kingston,Apt 1543
4,Serene,Kiss,Agender,United Kingdom,London,Apt 1798
5,Harwilll,Capstaff,Male,United Kingdom,Sutton,8th Floor
6,Ingmar,Ferraresi,Male,United Kingdom,Tullich,PO Box 15288
7,Agosto,Reckus,Male,United States,Alexandria,Apt 722
8,Parnell,Bruyett,Male,United States,Alexandria,Suite 50
9,Frasier,Mullender,Male,United States,Anchorage,Room 1749
10,Brinna,Cornner,Female,United States,Atlanta,Room 1362
11,Benedicto,St Pierre,Male,United States,Baton Rouge,Suite 34
12,Karyn,Piff,Female,United States,Billings,Apt 1900
13,Ivett,Skuce,Female,United States,Boca Raton,PO Box 80865
14,Michelina,Lamdin,Female,United States,Boise,Suite 20
15,Neila,Chessell,Female,United States,Boston,Apt 1757
16,Stormy,Ambrosini,Female,United States,Bradenton,Suite 47
17,Lalo,Futcher,Male,United States,Carlsbad,PO Box 73429
18,Edythe,Jime,Female,United States,Chandler,Room 753
19,Vinita,Lethcoe,Female,United States,Charleston,15th Floor
20,Tyson,Wigan,Male,United States,Chicago,Room 1008
21,Rowney,McCully,Male,United States,Chicago,Room 751
22,Beck,Beirne,Male,United States,Cincinnati,Apt 905
23,Cathrine,Ferrey,Female,United States,Clearwater,8th Floor
24,Etheline,Cage,Female,United States,Colorado Springs,Apt 1828
25,Arny,Godden,Male,United States,Dayton,Apt 1860
26,Gianni,Gamlyn,Male,United States,Denver,Suite 30
27,Ceciley,Zolini,Female,United States,Des Moines,Apt 1642
28,Clementine,Northbridge,Non-binary,United States,Des Moines,Apt 191
29,Rafaellle,Orme,Male,United States,Des Moines,Room 462
30,Mela,Onslow,Female,United States,El Paso,Apt 1559
31,Chance,Sedworth,Bigender,United States,El Paso,PO Box 47959
32,Leonanie,Riccetti,Female,United States,El Paso,Suite 19
33,Coleen,Micklewright,Female,United States,Fort Wayne,Room 8
34,Annabela,Holyard,Agender,United States,Fort Wayne,Suite 2
35,Kelbee,Spottiswood,Male,United States,Fresno,Room 1602
36,Christina,Dorkens,Female,United States,Garland,Apt 307
37,Adaline,Middleditch,Female,United States,Hagerstown,Suite 100
38,Eldon,Serginson,Male,United States,Humble,2nd Floor
39,Cate,Peckett,Female,United States,Indianapolis,Room 712
40,Kevon,Hext,Male,United States,Kansas City,Apt 368
41,Danila,Asty,Female,United States,Kansas City,PO Box 52102
42,Geordie,Polotti,Bigender,United States,Katy,Room 115
43,Else,Jarvis,Female,United States,Las Vegas,Suite 24
44,Ingeberg,Grundle,Female,United States,Lexington,Apt 1471
45,Rafa,Wimp,Polygender,United States,Louisville,PO Box 62064
46,Gregory,Peyro,Male,United States,Lynn,Apt 1668
47,Noble,Gubbins,Male,United States,Macon,PO Box 41205
48,Raddy,Lawranson,Male,United States,Macon,Room 487
49,Stephie,Drabble,Female,United States,Maple Plain,Apt 1462
50,Andreas,Kisting,Non-binary,United States,Memphis,Apt 1252
51,Milli,Moland,Female,United States,Miami,Suite 31
52,Oliviero,Top,Male,United States,Milwaukee,Apt 1957
53,Marius,Mallaby,Male,United States,Minneapolis,3rd Floor
54,Louis,Winsor,Male,United States,Minneapolis,PO Box 71430
55,Sari,Teenan,Female,United States,Minneapolis,Suite 39
56,Sascha,Keast,Female,United States,Minneapolis,Suite 78
57,Valeda,Penfold,Non-binary,United States,Murfreesboro,1st Floor
58,Jon,Bram,Male,United States,Nashville,Apt 1320
59,Erasmus,Fick,Male,United States,Nashville,Room 159
60,Marget,Clive,Female,United States,Nashville,Suite 43
61,Montgomery,Juares,Male,United States,New Orleans,Apt 1156
62,Martguerita,Sommerled,Polygender,United States,New Orleans,PO Box 72958
63,Hammad,Wrout,Male,United States,New York City,Room 1727
64,Friederike,Ravelus,Female,United States,New York City,Suite 14
65,Olly,Klimko,Bigender,United States,Newark,Room 465
66,Burnaby,Coal,Male,United States,Newport News,Apt 1149
67,Fidel,Lapere,Male,United States,Norfolk,Apt 201
68,Faustina,Joul,Female,United States,Oakland,Room 168
69,Bartie,Radband,Male,United States,Oklahoma City,15th Floor
70,Gavrielle,Varfolomeev,Female,United States,Omaha,Room 230
71,Dori,Michal,Female,United States,Orlando,PO Box 40929
72,Culver,Dowse,Male,United States,Pensacola,Apt 496
73,Gene,Sheach,Male,United States,Peoria,16th Floor
74,Judie,Chicchelli,Female,United States,Petaluma,Suite 68
75,Noak,Wiltshear,Non-binary,United States,Philadelphia,Suite 77
76,Giordano,Crossthwaite,Male,United States,Pittsburgh,Room 223
77,Rosco,Madgin,Male,United States,Port Washington,Suite 46
78,Cassandre,Senechault,Female,United States,Reno,Room 440
79,Ardyce,Cotterell,Female,United States,Richmond,PO Box 67945
80,Nevsa,Lurner,Female,United States,Sacramento,3rd Floor
81,Kayne,Sepey,Male,United States,Sacramento,PO Box 60384
82,Sandor,Luchelli,Male,United States,Sacramento,Suite 38
83,Shadow,Stoffel,Male,United States,Saint Louis,Apt 809
84,Merwyn,Castane,Male,United States,Saint Louis,PO Box 94927
85,Geoff,Roylance,Male,United States,Saint Petersburg,Suite 51
86,Jess,Raiker,Male,United States,San Antonio,Apt 1809
87,Tann,Plessing,Male,United States,San Diego,Apt 265
88,Goddard,Goodin,Male,United States,San Diego,Suite 26
89,Pate,Fores,Male,United States,Seattle,PO Box 5619
90,Tomi,Willoughley,Female,United States,Shawnee Mission,Suite 23
91,Vally,Banishevitz,Female,United States,Sioux City,Room 152
92,Brook,de Nore,Male,United States,Tacoma,Suite 53
93,Gaylor,Shetliff,Polygender,United States,Van Nuys,9th Floor
94,Lazar,Long,Male,United States,Washington,Room 1652
95,Halette,Chell,Female,United States,Washington,Suite 96
96,Tanner,Kingwell,Male,United States,Waterbury,Room 1852
97,Ruthy,Parell,Female,United States,Wilmington,PO Box 86136
98,Kilian,Bouskill,Male,United States,Winston Salem,PO Box 15612
99,Jany,Duinbleton,Female,United States,Winston Salem,PO Box 98972
100,Ricki,Bachman,Female,United States,Youngstown,Room 1828
